"CHROM","POS","cluster","q3.Lof0711","q3.Lof0714","q3.Can","q3.comb0711Can","q3.comb0714Can","Freq_07","Freq_11","Freq_14","Freq_Can40","Freq_CanMod","Codons (minor)","Codons (major)","Protein (minor)","Protein (major)","synonymous","Polarity (major)","Polarity (minor)","feature","start","end","strand","frame","ID","Names","Parent","WithinAnno","WithinGO","NearGene","NearAnno","NearGO"
"LG04",6202221,1,"0.6375791","0.63099710","0.60881204","0.15111475","0.20427062","0.964286","0.527778","0.605263","1.000000","0.431818","","","","","","","","gene;mRNA","6087791;6087791","6203214;6203214","-;-",".;.","GAMO_00000755;GAMO_00000755-RA","GAMO_00000755;GAMO_00000755-RA","NA;GAMO_00000755","DMD: Dystrophin (Homo sapiens)","GO:0005509,GO:0008270","","",""
"LG04",20504202,2,"","","0.10518298","","","","","","0.533333","1.000000","","","","","","","","gene;mRNA;exon;five_prime_UTR","20497548;20497548;20503546;20503722","20505090;20505090;20505090;20505090","-;-;-;-",".;.;.;.","GAMO_00002233;GAMO_00002233-RA;GAMO_00002233-RA:exon:12404;GAMO_00002233-RA:five_prime_utr","GAMO_00002233;GAMO_00002233-RA;NA;NA","NA;GAMO_00002233;GAMO_00002233-RA;GAMO_00002233-RA","Rnf185: E3 ubiquitin-protein ligase RNF185 (Mus musculus)","GO:0005515,GO:0008270","","",""
"LG04",20683296,3,"","","0.18504413","","","","","","0.500000","1.000000","","","","","","","","gene;mRNA;gene;mRNA","20628676;20628676;20665406;20665406","20717100;20717100;20696448;20696448","-;-;+;+",".;.;.;.","GAMO_00002253;GAMO_00002253-RA;GAMO_00002255;GAMO_00002255-RA","GAMO_00002253;GAMO_00002253-RA;GAMO_00002255;GAMO_00002255-RA","NA;GAMO_00002253;NA;GAMO_00002255","Myosin heavy chain%2C fast skeletal muscle (Cyprinus carpio)","GO:0003774,GO:0005515,GO:0005524,GO:0016459","","",""
"LG04",20726021,4,"0.6375791","0.63099710","0.11686998","0.02982928","0.01059875","0.500000","0.964286","1.000000","0.538462","1.000000","","","","","","","","gene;mRNA","20723387;20723387","20773349;20773349","-;-",".;.","GAMO_00002262;GAMO_00002262-RA","GAMO_00002262;GAMO_00002262-RA","NA;GAMO_00002262","Myosin heavy chain%2C fast skeletal muscle (Cyprinus carpio)","GO:0003774,GO:0005515,GO:0005524,GO:0016459","","",""
"LG05",13719813,5,"","","0.06135675","","","","","","0.500000","1.000000","","","","","","","","exon;gene;mRNA;three_prime_UTR","13719103;13719103;13719103;13719103","13722112;13749135;13749135;13721887","-;-;-;-",".;.;.;.","GAMO_00055235-RA:exon:10194;GAMO_00055235;GAMO_00055235-RA;GAMO_00055235-RA:three_prime_utr","NA;GAMO_00055235;GAMO_00055235-RA;NA","GAMO_00055235-RA;NA;GAMO_00055235;GAMO_00055235-RA","PLD1: Phospholipase D1 (Homo sapiens)","GO:0003824,GO:0008152,GO:0035091","","",""
"LG05",18026993,6,"0.1881089","0.25423015","","","","1.000000","0.333333","0.421053","","","","","","","","","","","","","","","","","","","","GAMO_00055897-RA:exon:13943","",""
"LG08",11368069,7,"0.1881089","0.43582233","0.60881204","0.21743443","0.29287934","1.000000","0.527778","0.578947","1.000000","0.826087","","","","","","","","gene;mRNA","11363755;11363755","11369144;11369144","-;-",".;.","GAMO_00031768;GAMO_00031768-RA","GAMO_00031768;GAMO_00031768-RA","NA;GAMO_00031768","ttc19: Tetratricopeptide repeat protein 19%2C mitochondrial (Danio rerio)","GO:0005515","","",""
"LG08",19884939,8,"0.6375791","0.63099710","0.25971059","0.02982928","0.01059875","1.000000","0.600000","0.562500","1.000000","0.315789","","","","","","","","gene;mRNA","19883335;19883335","19891267;19891267","-;-",".;.","GAMO_00032985;GAMO_00032985-RA","GAMO_00032985;GAMO_00032985-RA","NA;GAMO_00032985","ttc39c: Tetratricopeptide repeat protein 39C (Danio rerio)","GO:0005515","","",""
"LG08",25105027,9,"0.6375791","0.63099710","0.60881204","0.21743443","0.03820269","0.875000","0.272727","0.138889","0.916667","0.305556","","","","","","","","gene;mRNA","25104233;25104233","25117869;25117869","+;+",".;.","GAMO_00033718;GAMO_00033718-RA","GAMO_00033718;GAMO_00033718-RA","NA;GAMO_00033718","RABGGTB: Geranylgeranyl transferase type-2 subunit beta (Homo sapiens)","GO:0003824,GO:0004663,GO:0018344","","",""
"LG09",17806142,10,"0.6375791","0.08171685","0.60881204","0.35771811","0.01059875","1.000000","0.375000","0.210526","1.000000","0.404762","","","","","","","","","","","","","","","","","","GAMO_00046200-RA:cds","",""
"LG10",9141390,11,"","","0.08347855","","","","","","0.500000","1.000000","","","","","","","","gene;mRNA;exon;three_prime_UTR","9138698;9138698;9141303;9141348","9141642;9141642;9141642;9141642","+;+;+;+",".;.;.;.","GAMO_00048248;GAMO_00048248-RA;GAMO_00048248-RA:exon:5303;GAMO_00048248-RA:three_prime_utr","GAMO_00048248;GAMO_00048248-RA;NA;NA","NA;GAMO_00048248;GAMO_00048248-RA;GAMO_00048248-RA","ran: GTP-binding nuclear protein Ran (Danio rerio)","GO:0003924,GO:0005525,GO:0005622,GO:0006184,GO:0006886,GO:0006913,GO:0007165,GO:0007264,GO:0015031,GO:0016020","","",""
"LG10",14788335,12,"0.6375791","0.63099710","0.60881204","0.17053705","0.46099967","1.000000","0.250000","0.441176","1.000000","0.409091","","","","","","","","gene;mRNA","14782366;14782366","14796983;14796983","+;+",".;.","GAMO_00049033;GAMO_00049033-RA","GAMO_00049033;GAMO_00049033-RA","NA;GAMO_00049033","CDHR2: Cadherin-related family member 2 (Homo sapiens)","GO:0005509,GO:0005886,GO:0007155,GO:0007156,GO:0016020","","",""
"LG11",151161,13,"0.1881089","0.15253809","0.60881204","0.21743443","0.17407471","1.000000","0.388889","0.380952","0.666667","0.428571","","","","","","","","gene;mRNA","112579;112579","170549;170549","+;+",".;.","GAMO_00019309;GAMO_00019309-RA","GAMO_00019309;GAMO_00019309-RA","NA;GAMO_00019309","NLRC3: Protein NLRC3 (Homo sapiens)","","","",""
"LG11",151179,13,"0.1881089","0.18159296","0.60881204","0.18720063","0.18473823","1.000000","0.368421","0.386364","0.750000","0.404762","","","","","","","","gene;mRNA","112579;112579","170549;170549","+;+",".;.","GAMO_00019309;GAMO_00019309-RA","GAMO_00019309;GAMO_00019309-RA","NA;GAMO_00019309","NLRC3: Protein NLRC3 (Homo sapiens)","","","",""
"LG11",151190,13,"0.1881089","0.25423015","0.60881204","0.21743443","0.20427062","1.000000","0.375000","0.404762","1.000000","0.409091","","","","","","","","gene;mRNA","112579;112579","170549;170549","+;+",".;.","GAMO_00019309;GAMO_00019309-RA","GAMO_00019309;GAMO_00019309-RA","NA;GAMO_00019309","NLRC3: Protein NLRC3 (Homo sapiens)","","","",""
"LG11",1442053,14,"","","0.10388442","","","","","","0.500000","1.000000","","","","","","","","","","","","","","","","","","GAMO_00019406","STEAP4: Metalloreductase STEAP4 (Homo sapiens)",""
"LG13",3904018,15,"","","0.06135675","","","","","","0.500000","1.000000","","","","","","","","","","","","","","","","","","GAMO_00037389","BPI: Bactericidal permeability-increasing protein (Homo sapiens)","GO:0008289"
"LG13",3904045,15,"","","0.06135675","","","","","","0.500000","1.000000","","","","","","","","","","","","","","","","","","GAMO_00037389","BPI: Bactericidal permeability-increasing protein (Homo sapiens)","GO:0008289"
"LG14",20607269,16,"0.4667356","0.63099710","0.60881204","0.16518291","0.54399866","0.400000","1.000000","0.833333","0.800000","1.000000","","","","","","","","gene;mRNA","20595939;20595939","20613266;20613266","+;+",".;.","GAMO_00017986;GAMO_00017986-RA","GAMO_00017986;GAMO_00017986-RA","NA;GAMO_00017986","CNST: Consortin (Homo sapiens)","GO:0005802,GO:0042998,GO:0071253","","",""
"LG15",2924155,17,"","","0.10226123","","","","","","0.531250","1.000000","","","","","","","","gene;mRNA;CDS;exon","2909708;2909708;2924129;2924129","2964616;2964616;2924337;2924337","-;-;-;-",".;.;0;.","GAMO_00034153;GAMO_00034153-RA;GAMO_00034153-RA:cds;GAMO_00034153-RA:exon:681","GAMO_00034153;GAMO_00034153-RA;NA;NA","NA;GAMO_00034153;GAMO_00034153-RA;GAMO_00034153-RA","Ccdc88a: Girdin (Mus musculus)","GO:0003779,GO:0016477,GO:0032956","","",""
"LG15",7489644,18,"0.6375791","0.63099710","0.60881204","0.35771811","0.06767076","1.000000","0.777778","0.666667","1.000000","0.391304","","","","","","","","","","","","","","","","","","GAMO_00034527-RA:cds","",""
"LG15",11937979,19,"0.6375791","0.33524855","0.60881204","0.26624186","0.06535692","1.000000","0.264706","0.142857","1.000000","0.294118","","","","","","","","","","","","","","","","","","","",""
"LG16",5723306,20,"","","0.06427850","","","","","","0.500000","1.000000","ACC","AGC","T","S","FALSE","polar","polar","gene;mRNA;CDS;exon","5685672;5685672;5723117;5723117","5732617;5732617;5723377;5723377","+;+;+;+",".;.;2;.","GAMO_00008761;GAMO_00008761-RA;GAMO_00008761-RA:cds;GAMO_00008761-RA:exon:2061","GAMO_00008761;GAMO_00008761-RA;NA;NA","NA;GAMO_00008761;GAMO_00008761-RA;GAMO_00008761-RA","Ttn: Titin (Mus musculus)","GO:0005515","","",""
"LG16",20680847,21,"0.6375791","0.63099710","0.22143785","0.02982928","0.01059875","0.500000","1.000000","1.000000","0.500000","1.000000","","","","","","","","","","","","","","","","","","GAMO_00010416","",""
"LG18",12829490,22,"0.5082233","0.63099710","0.60881204","0.11811582","0.24026140","0.909091","0.333333","0.425000","0.833333","0.239130","","","","","","","","","","","","","","","","","","GAMO_00065143","Otop3: Otopetrin-3 (Mus musculus)",""
"LG18",17062082,23,"0.6375791","0.63099710","0.19777996","0.34673791","0.20744454","0.392857","0.437500","0.550000","0.227273","0.850000","","","","","","","","","","","","","","","","","","GAMO_00065776-RA:cds","",""
"LG19",6367083,24,"0.6375791","0.63099710","0.60881204","0.21743443","0.06535692","1.000000","0.725000","0.657895","1.000000","0.605263","","","","","","","","gene;mRNA","6357123;6357123","6424380;6424380","-;-",".;.","GAMO_00073611;GAMO_00073611-RA","GAMO_00073611;GAMO_00073611-RA","NA;GAMO_00073611","PTPN13: Tyrosine-protein phosphatase non-receptor type 13 (Homo sapiens)","GO:0004725,GO:0005515,GO:0005856,GO:0006470,GO:0016311,GO:0016791","","",""
"LG19",14531930,25,"0.1881089","0.63099710","0.60881204","0.24115327","0.56233508","1.000000","0.437500","0.722222","0.909091","0.781250","","","","","","","","","","","","","","","","","","GAMO_00074731","",""
"LG21",13086866,26,"","","0.06135675","","","","","","0.500000","1.000000","","","","","","","","exon;five_prime_UTR;gene;mRNA","13086479;13086479;13086479;13086479","13086983;13086983;13094265;13094265","+;+;+;+",".;.;.;.","GAMO_00068334-RA:exon:8964;GAMO_00068334-RA:five_prime_utr;GAMO_00068334;GAMO_00068334-RA","NA;NA;GAMO_00068334;GAMO_00068334-RA","GAMO_00068334-RA;GAMO_00068334-RA;NA;GAMO_00068334","vps18: Vacuolar protein sorting-associated protein 18 homolog (Danio rerio)","GO:0006886,GO:0016192","","",""
"LG21",13086912,26,"","","0.06427850","","","","","","0.500000","1.000000","","","","","","","","exon;five_prime_UTR;gene;mRNA","13086479;13086479;13086479;13086479","13086983;13086983;13094265;13094265","+;+;+;+",".;.;.;.","GAMO_00068334-RA:exon:8964;GAMO_00068334-RA:five_prime_utr;GAMO_00068334;GAMO_00068334-RA","NA;NA;GAMO_00068334;GAMO_00068334-RA","GAMO_00068334-RA;GAMO_00068334-RA;NA;GAMO_00068334","vps18: Vacuolar protein sorting-associated protein 18 homolog (Danio rerio)","GO:0006886,GO:0016192","","",""
"LG22",16939018,27,"0.1881089","0.63099710","","","","0.950000","0.305556","0.388889","","","","","","","","","","gene;mRNA","16935858;16935858","16975659;16975659","+;+",".;.","GAMO_00072072;GAMO_00072072-RA","GAMO_00072072;GAMO_00072072-RA","NA;GAMO_00072072","MYO1G: Unconventional myosin-Ig (Gallus gallus)","GO:0003774,GO:0005515,GO:0005524,GO:0016459","","",""
"LG22",16939024,27,"0.1881089","0.63099710","","","","0.950000","0.305556","0.388889","","","","","","","","","","gene;mRNA","16935858;16935858","16975659;16975659","+;+",".;.","GAMO_00072072;GAMO_00072072-RA","GAMO_00072072;GAMO_00072072-RA","NA;GAMO_00072072","MYO1G: Unconventional myosin-Ig (Gallus gallus)","GO:0003774,GO:0005515,GO:0005524,GO:0016459","","",""
"LG23",8484492,28,"0.1881089","0.15253809","","","","1.000000","0.447368","0.416667","","","","","","","","","","gene;mRNA","8468861;8468861","8488034;8488034","-;-",".;.","GAMO_00061489;GAMO_00061489-RA","GAMO_00061489;GAMO_00061489-RA","NA;GAMO_00061489","scrib: Protein scribble homolog (Danio rerio)","","","",""
"LG23",8484495,28,"0.1881089","0.08353278","","","","1.000000","0.444444","0.421053","","","","","","","","","","gene;mRNA","8468861;8468861","8488034;8488034","-;-",".;.","GAMO_00061489;GAMO_00061489-RA","GAMO_00061489;GAMO_00061489-RA","NA;GAMO_00061489","scrib: Protein scribble homolog (Danio rerio)","","","",""
"LG23",8484504,28,"0.1881089","0.08171685","","","","1.000000","0.500000","0.421053","","","","","","","","","","gene;mRNA","8468861;8468861","8488034;8488034","-;-",".;.","GAMO_00061489;GAMO_00061489-RA","GAMO_00061489;GAMO_00061489-RA","NA;GAMO_00061489","scrib: Protein scribble homolog (Danio rerio)","","","",""
